{
  "T": 3,
  "N": 245,
  "cop_final_aji": 0.46540675404267007,
  "sam3_final_aji": 0.5020063561362127,
  "ub_aji": 0.5020063561362127,
  "linear_ub_at_T": 0.0061470166057495425,
  "gap_pct": 92.70933492252202,
  "cop_curve": {
    "x": [
      0,
      1,
      2,
      3
    ],
    "y": [
      0.0,
      0.4324262315263802,
      0.4466452814105045,
      0.46540675404267007
    ],
    "type_ids": [
      1,
      2,
      3
    ],
    "type_colors_rgb": [
      [
        230,
        80,
        80
      ],
      [
        80,
        180,
        80
      ],
      [
        80,
        80,
        230
      ]
    ]
  },
  "sam3_curve": {
    "x": [
      0,
      1,
      2,
      3,
      4,
      5,
      6,
      7,
      8,
      9,
      10,
      11,
      12,
      13,
      14,
      15,
      16,
      17,
      18,
      19,
      20,
      21,
      22,
      23,
      24,
      25,
      26,
      27,
      28,
      29,
      30,
      31,
      32,
      33,
      34,
      35,
      36,
      37,
      38,
      39,
      40,
      41,
      42,
      43,
      44,
      45,
      46,
      47,
      48,
      49,
      50,
      51,
      52,
      53,
      54,
      55,
      56,
      57,
      58,
      59,
      60,
      61,
      62,
      63,
      64,
      65,
      66,
      67,
      68,
      69,
      70,
      71,
      72,
      73,
      74,
      75,
      76,
      77,
      78,
      79,
      80,
      81,
      82,
      83,
      84,
      85,
      86,
      87,
      88,
      89,
      90,
      91,
      92,
      93,
      94,
      95,
      96,
      97,
      98,
      99,
      100,
      101,
      102,
      103,
      104,
      105,
      106,
      107,
      108,
      109,
      110,
      111,
      112,
      113,
      114,
      115,
      116,
      117,
      118,
      119,
      120,
      121,
      122,
      123,
      124,
      125,
      126,
      127,
      128,
      129,
      130,
      131,
      132,
      133,
      134,
      135,
      136,
      137,
      138,
      139,
      140,
      141,
      142,
      143,
      144,
      145,
      146,
      147,
      148,
      149,
      150,
      151,
      152,
      153,
      154,
      155,
      156,
      157,
      158,
      159,
      160,
      161,
      162,
      163,
      164,
      165,
      166,
      167,
      168,
      169,
      170,
      171,
      172,
      173,
      174,
      175,
      176,
      177,
      178,
      179,
      180,
      181,
      182,
      183,
      184,
      185,
      186,
      187,
      188,
      189,
      190,
      191,
      192,
      193,
      194,
      195,
      196,
      197,
      198,
      199,
      200,
      201,
      202,
      203,
      204,
      205,
      206,
      207,
      208,
      209,
      210,
      211,
      212,
      213,
      214,
      215,
      216,
      217,
      218,
      219,
      220,
      221,
      222,
      223,
      224,
      225,
      226,
      227,
      228,
      229,
      230,
      231,
      232,
      233,
      234,
      235,
      236,
      237,
      238,
      239,
      240,
      241,
      242,
      243,
      244,
      245
    ],
    "y": [
      0.0,
      0.006241784184498713,
      0.012061530769847775,
      0.014113784581893486,
      0.01795905264659563,
      0.02173603192702201,
      0.024772812149879534,
      0.02907100717890139,
      0.03294900221729198,
      0.03409231969640243,
      0.03702820607922808,
      0.03877043103752261,
      0.045989078365808934,
      0.05719246462366029,
      0.06394990850670251,
      0.06884763512050986,
      0.07404010184049498,
      0.07768828720760194,
      0.07873551603340755,
      0.08122629848561881,
      0.0871184478723599,
      0.09242835947787917,
      0.09242835947787917,
      0.09407419702879126,
      0.09628710824443097,
      0.09809032790265225,
      0.10767480599682219,
      0.1127285609616579,
      0.11512504323623357,
      0.11748105524635118,
      0.11748105524635118,
      0.12145491642469423,
      0.1293512069384168,
      0.13524468301537307,
      0.13995900521396473,
      0.14453322544754615,
      0.14732704646789913,
      0.15086748220846313,
      0.15467661653501788,
      0.15695214529012533,
      0.15695214529012533,
      0.15695214529012533,
      0.16011711423211183,
      0.16011711423211183,
      0.16283998048541262,
      0.16467551453958587,
      0.1665347679851335,
      0.17538938678706106,
      0.18001306038147094,
      0.1835399578953584,
      0.18701795613399408,
      0.18950001502357278,
      0.19087551237967965,
      0.19740372652184815,
      0.20182415395319137,
      0.20602444724873573,
      0.21006265851109873,
      0.2136668654935719,
      0.2164372349132959,
      0.21880197196482098,
      0.22001083833800616,
      0.2220161296305749,
      0.22377053424159407,
      0.22811478924255746,
      0.23074312860534435,
      0.2353457481823728,
      0.23819618564461448,
      0.24089950603049615,
      0.24299569358115936,
      0.24524023414858542,
      0.2453495598884006,
      0.24943029393946334,
      0.24943029393946334,
      0.2534226041770579,
      0.2529653802496983,
      0.2524341817051105,
      0.2524341817051105,
      0.25722312812800396,
      0.26050994937171157,
      0.2634678713163709,
      0.26606864384156376,
      0.27072067643297676,
      0.27405854827027226,
      0.27897526379036536,
      0.2824110411124266,
      0.2858133695847989,
      0.2864852182073946,
      0.28995466870896963,
      0.2920058030636163,
      0.29292347709458894,
      0.29559374281733464,
      0.29559374281733464,
      0.30021268290054376,
      0.3036006273567388,
      0.30164781272475627,
      0.3077139124754861,
      0.3077139124754861,
      0.3124637189613472,
      0.3153130844470884,
      0.31776120568481453,
      0.31776120568481453,
      0.31776120568481453,
      0.3240156996630958,
      0.32626757287572833,
      0.3272541948635692,
      0.3272541948635692,
      0.330213981503601,
      0.3329530439266278,
      0.3359354888533996,
      0.3382475589257773,
      0.3407531723815223,
      0.34251792114693147,
      0.34251792114693147,
      0.3419681358935902,
      0.3419681358935902,
      0.3439247791196997,
      0.34526844654442657,
      0.3478094815690698,
      0.35189560338142467,
      0.35432964329641115,
      0.35432964329641115,
      0.35753709235286857,
      0.35947784722604126,
      0.3590212123619388,
      0.36078826149291593,
      0.36081953239160003,
      0.36310080701138003,
      0.3667024782414283,
      0.3680550110082113,
      0.36861745095909326,
      0.36861745095909326,
      0.3756450321236308,
      0.3775788150829263,
      0.3793391609652639,
      0.3793391609652639,
      0.3793391609652639,
      0.3796962430055727,
      0.3854934787307913,
      0.38928436493607743,
      0.39271000503003706,
      0.3946215449441328,
      0.39775025429304145,
      0.40155790430184835,
      0.4034936844933916,
      0.4056901058762903,
      0.4067175754682969,
      0.40686863877147744,
      0.40686863877147744,
      0.40720388912900757,
      0.40720388912900757,
      0.4082577191337585,
      0.411197740445414,
      0.41337826809375156,
      0.41337826809375156,
      0.41536703966252175,
      0.41640803658932557,
      0.417920342403195,
      0.4192374329933825,
      0.4207489784546561,
      0.4221836827024336,
      0.4221836827024336,
      0.4221836827024336,
      0.42543653624219707,
      0.42543653624219707,
      0.42543653624219707,
      0.42690546571608257,
      0.42838103295414526,
      0.4316011374231671,
      0.4316011374231671,
      0.4316011374231671,
      0.4344033112390845,
      0.43596228752001454,
      0.4378572585683947,
      0.4406788484564272,
      0.4416672428495447,
      0.4428840298601703,
      0.44606546703309957,
      0.449212075185089,
